{"cameraMode":{"drawMode":0,"name":"Shaded","section":"Shading Mode"},"sceneLighting":true,"audioPlay":false,"sceneViewState":{"m_AlwaysRefresh":false,"showFog":true,"showSkybox":true,"showFlares":true,"showImageEffects":true,"showParticleSystems":true,"showVisualEffectGraphs":true,"m_FxEnabled":true},"in2DMode":false,"pivot":{"x":0.06764951348304749,"y":-2.2498018741607668,"z":3.203511953353882},"rotation":{"x":0.4413626790046692,"y":-0.07201476395130158,"z":0.035564351826906207,"w":0.893730878829956},"size":6.0073957443237309,"orthographic":false}